{
  "epoch_1_loss": 2.256485845361437,
  "epoch_2_loss": 1.9406554017748152,
  "epoch_3_loss": 1.593083211353847,
  "epoch_4_loss": 1.395786417382104,
  "epoch_5_loss": 1.1658716308219093,
  "epoch_6_loss": 0.9735806690795081,
  "epoch_7_loss": 0.803475202194282,
  "epoch_8_loss": 0.6563952448112624,
  "epoch_9_loss": 0.5391044068549361,
  "epoch_10_loss": 0.4401398061641625,
  "accuracy": 67.27272727272727
}