{
  "epoch_1_loss": 2.223846141781126,
  "epoch_2_loss": 1.9137189260550909,
  "epoch_3_loss": 1.5974877583129066,
  "epoch_4_loss": 1.416326065148626,
  "epoch_5_loss": 1.197481210742678,
  "epoch_6_loss": 0.9859288739306586,
  "epoch_7_loss": 0.8098068370350769,
  "epoch_8_loss": 0.6487524605223111,
  "epoch_9_loss": 0.5307348647287914,
  "epoch_10_loss": 0.42614494104470524,
  "accuracy": 67.27272727272727
}